{
  "bundle": "src/vaara/data/adversarial_classifier_v6.joblib",
  "bundle_version": "v0.35",
  "uses_embeddings": true,
  "n_features": 620,
  "split_manifest": "tests/adversarial/v035_split.json",
  "target_fpr": 0.05,
  "calibrated_threshold": 0.9006291031837463,
  "val": {
    "threshold": 0.9006291031837463,
    "tp": 886,
    "fp": 39,
    "fn": 176,
    "tn": 726,
    "recall": 0.8342749529190208,
    "recall_ci": [
      0.810714339256005,
      0.8554259202347112
    ],
    "fpr": 0.050980392156862744,
    "fpr_ci": [
      0.037514846408149324,
      0.0689330877306902
    ],
    "precision": 0.9578378378378378,
    "n": 1827,
    "pos": 1062,
    "neg": 765
  },
  "test": {
    "threshold": 0.9006291031837463,
    "tp": 904,
    "fp": 35,
    "fn": 159,
    "tn": 729,
    "recall": 0.8504233301975541,
    "recall_ci": [
      0.8277222595675789,
      0.8706007154645158
    ],
    "fpr": 0.04581151832460733,
    "fpr_ci": [
      0.033121793604467,
      0.06304595766089816
    ],
    "precision": 0.9627263045793397,
    "n": 1827,
    "pos": 1063,
    "neg": 764
  }
}