{
  "v8_threshold": 0.9006,
  "v9_threshold_calibrated": 0.915,
  "calibration_target_fpr": 0.05,
  "surfaces": {
    "val_v035": {
      "v8": {
        "n": 1827,
        "pos": 1062,
        "neg": 765,
        "tp": 895,
        "fp": 45,
        "fn": 167,
        "recall": 0.8427495291902072,
        "recall_ci": [
          0.81962406487035,
          0.8634042575370321
        ],
        "fpr": 0.058823529411764705,
        "fpr_ci": [
          0.04425030733616204,
          0.07780552314959732
        ]
      },
      "v9": {
        "n": 1827,
        "pos": 1062,
        "neg": 765,
        "tp": 899,
        "fp": 38,
        "fn": 163,
        "recall": 0.8465160075329566,
        "recall_ci": [
          0.8235909726845009,
          0.8669431554636217
        ],
        "fpr": 0.04967320261437908,
        "fpr_ci": [
          0.03640133335318741,
          0.06744528472783214
        ]
      }
    },
    "test_v035": {
      "v8": {
        "n": 1827,
        "pos": 1063,
        "neg": 764,
        "tp": 921,
        "fp": 38,
        "fn": 142,
        "recall": 0.8664158043273753,
        "recall_ci": [
          0.8446389011042231,
          0.8855538472850409
        ],
        "fpr": 0.049738219895287955,
        "fpr_ci": [
          0.036449258600853796,
          0.06753260432504134
        ]
      },
      "v9": {
        "n": 1827,
        "pos": 1063,
        "neg": 764,
        "tp": 900,
        "fp": 31,
        "fn": 163,
        "recall": 0.8466603951081844,
        "recall_ci": [
          0.82375449499424,
          0.8670697098361678
        ],
        "fpr": 0.04057591623036649,
        "fpr_ci": [
          0.028730487864971316,
          0.05701844785302053
        ]
      }
    },
    "v038_phase1": {
      "v8": {
        "n": 900,
        "pos": 900,
        "neg": 0,
        "tp": 796,
        "fp": 0,
        "fn": 104,
        "recall": 0.8844444444444445,
        "recall_ci": [
          0.8619044268492455,
          0.9037164518533944
        ],
        "fpr": 0.0,
        "fpr_ci": [
          0.0,
          0.0
        ]
      },
      "v9": {
        "n": 900,
        "pos": 900,
        "neg": 0,
        "tp": 793,
        "fp": 0,
        "fn": 107,
        "recall": 0.8811111111111111,
        "recall_ci": [
          0.8583285375490919,
          0.9006540098353168
        ],
        "fpr": 0.0,
        "fpr_ci": [
          0.0,
          0.0
        ]
      }
    },
    "v039_bipia_holdout": {
      "v8": {
        "n": 2523,
        "pos": 2279,
        "neg": 244,
        "tp": 1523,
        "fp": 86,
        "fn": 756,
        "recall": 0.6682755594559017,
        "recall_ci": [
          0.6486757520706568,
          0.6873090135828164
        ],
        "fpr": 0.3524590163934426,
        "fpr_ci": [
          0.29522390892747885,
          0.4142679600727214
        ]
      },
      "v9": {
        "n": 2523,
        "pos": 2279,
        "neg": 244,
        "tp": 1468,
        "fp": 3,
        "fn": 811,
        "recall": 0.6441421676173761,
        "recall_ci": [
          0.6242578416095692,
          0.6635413644325847
        ],
        "fpr": 0.012295081967213115,
        "fpr_ci": [
          0.004190009506554231,
          0.0355192241329962
        ]
      }
    }
  },
  "v039_bipia_holdout_per_model": {
    "?": {
      "follow_n": 0,
      "v8_ftp": 0,
      "v9_ftp": 0,
      "benign_n": 2277,
      "v8_bfp": 1522,
      "v9_bfp": 1467,
      "v8_recall": 0.0,
      "v9_recall": 0.0,
      "v8_fpr": 0.668423364075538,
      "v9_fpr": 0.6442687747035574
    },
    "claude-haiku-4-5": {
      "follow_n": 0,
      "v8_ftp": 0,
      "v9_ftp": 0,
      "benign_n": 152,
      "v8_bfp": 46,
      "v9_bfp": 2,
      "v8_recall": 0.0,
      "v9_recall": 0.0,
      "v8_fpr": 0.3026315789473684,
      "v9_fpr": 0.013157894736842105
    },
    "llama3.1:8b": {
      "follow_n": 1,
      "v8_ftp": 0,
      "v9_ftp": 0,
      "benign_n": 48,
      "v8_bfp": 20,
      "v9_bfp": 0,
      "v8_recall": 0.0,
      "v9_recall": 0.0,
      "v8_fpr": 0.4166666666666667,
      "v9_fpr": 0.0
    },
    "mistral:7b": {
      "follow_n": 0,
      "v8_ftp": 0,
      "v9_ftp": 0,
      "benign_n": 10,
      "v8_bfp": 5,
      "v9_bfp": 0,
      "v8_recall": 0.0,
      "v9_recall": 0.0,
      "v8_fpr": 0.5,
      "v9_fpr": 0.0
    },
    "qwen2.5:7b": {
      "follow_n": 1,
      "v8_ftp": 1,
      "v9_ftp": 1,
      "benign_n": 34,
      "v8_bfp": 15,
      "v9_bfp": 1,
      "v8_recall": 1.0,
      "v9_recall": 1.0,
      "v8_fpr": 0.4411764705882353,
      "v9_fpr": 0.029411764705882353
    }
  }
}